{"cameraMode":{"drawMode":0,"name":"Shaded","section":"Shading Mode"},"sceneLighting":false,"audioPlay":false,"sceneViewState":{"showFog":false,"showMaterialUpdate":false,"showSkybox":false,"showFlares":false,"showImageEffects":false,"showParticleSystems":false},"in2DMode":false,"pivot":{"x":6.489999771118164,"y":1.059999942779541,"z":0.0},"rotation":{"x":0.07828307151794434,"y":0.18816033005714417,"z":-0.015047837048768998,"w":0.9788978695869446},"size":8.789474487304688,"orthographic":true}