{"cameraMode":{"drawMode":0,"name":"Shaded","section":"Shading Mode"},"sceneLighting":false,"audioPlay":false,"sceneViewState":{"showFog":false,"showMaterialUpdate":false,"showSkybox":false,"showFlares":false,"showImageEffects":false,"showParticleSystems":false},"in2DMode":false,"pivot":{"x":275.2799987792969,"y":-6.739999771118164,"z":0.0},"rotation":{"x":0.10091806203126908,"y":-0.014923788607120514,"z":0.001514292904175818,"w":0.9947816729545593},"size":3.1109325885772707,"orthographic":false}