{"cameraMode":{"drawMode":0,"name":"Shaded","section":"Shading Mode"},"sceneLighting":false,"audioPlay":false,"sceneViewState":{"showFog":false,"showMaterialUpdate":false,"showSkybox":false,"showFlares":false,"showImageEffects":false,"showParticleSystems":false},"in2DMode":false,"pivot":{"x":0.949999988079071,"y":2.065000057220459,"z":3.557164192199707},"rotation":{"x":0.08476678282022476,"y":-0.12075866013765335,"z":0.010349882766604424,"w":0.9890019297599793},"size":2.7834789752960207,"orthographic":true}