{"cameraMode":{"drawMode":0,"name":"Shaded","section":"Shading Mode"},"sceneLighting":false,"audioPlay":false,"sceneViewState":{"showFog":false,"showMaterialUpdate":false,"showSkybox":false,"showFlares":false,"showImageEffects":false,"showParticleSystems":false},"in2DMode":false,"pivot":{"x":4.590000152587891,"y":2.065000057220459,"z":3.557164192199707},"rotation":{"x":0.0586923249065876,"y":0.050291918218135837,"z":-0.002961150137707591,"w":0.9970040917396545},"size":1.7147303819656373,"orthographic":true}