{"cameraMode":{"drawMode":0,"name":"Shaded","section":"Shading Mode"},"sceneLighting":true,"audioPlay":false,"sceneViewState":{"showFog":false,"showMaterialUpdate":false,"showSkybox":false,"showFlares":false,"showImageEffects":false,"showParticleSystems":false},"in2DMode":false,"pivot":{"x":-0.36954033374786379,"y":0.544657289981842,"z":0.4955611824989319},"rotation":{"x":0.2360532134771347,"y":-0.07861065119504929,"z":0.019162897020578386,"w":0.9683656692504883},"size":18.837507247924806,"orthographic":false}