{"cameraMode":{"drawMode":0,"name":"Shaded","section":"Shading Mode"},"sceneLighting":false,"audioPlay":false,"sceneViewState":{"showFog":false,"showMaterialUpdate":false,"showSkybox":false,"showFlares":false,"showImageEffects":false,"showParticleSystems":false},"in2DMode":false,"pivot":{"x":0.8999999761581421,"y":1.2400000095367432,"z":0.0},"rotation":{"x":0.10091806203126908,"y":-0.014923788607120514,"z":0.001514292904175818,"w":0.9947816729545593},"size":5.530628681182861,"orthographic":false}