{"cameraMode":{"drawMode":0,"name":"Shaded","section":"Shading Mode"},"sceneLighting":false,"audioPlay":false,"sceneViewState":{"showFog":false,"showMaterialUpdate":false,"showSkybox":false,"showFlares":false,"showImageEffects":false,"showParticleSystems":false},"in2DMode":false,"pivot":{"x":-17.790000915527345,"y":-4.409999847412109,"z":0.0},"rotation":{"x":0.10091806203126908,"y":-0.014923788607120514,"z":0.001514292904175818,"w":0.9947816729545593},"size":11.518163681030274,"orthographic":false}