{"cameraMode":{"drawMode":0,"name":"Shaded","section":"Shading Mode"},"sceneLighting":false,"audioPlay":false,"sceneViewState":{"showFog":false,"showMaterialUpdate":false,"showSkybox":false,"showFlares":false,"showImageEffects":false,"showParticleSystems":false},"in2DMode":false,"pivot":{"x":26.100000381469728,"y":-3.9699997901916506,"z":0.0},"rotation":{"x":0.10091806203126908,"y":-0.014923788607120514,"z":0.001514292904175818,"w":0.9947816729545593},"size":1.968019962310791,"orthographic":false}