{"cameraMode":{"drawMode":0,"name":"Shaded","section":"Shading Mode"},"sceneLighting":false,"audioPlay":false,"sceneViewState":{"showFog":false,"showMaterialUpdate":false,"showSkybox":false,"showFlares":false,"showImageEffects":false,"showParticleSystems":false},"in2DMode":false,"pivot":{"x":3.2663707733154299,"y":2.9673960208892824,"z":1.1640650033950806},"rotation":{"x":0.07828307151794434,"y":0.18816033005714417,"z":-0.015047837048768998,"w":0.9788978695869446},"size":2.8578836917877199,"orthographic":true}