{"cameraMode":{"drawMode":0,"name":"Shaded","section":"Shading Mode"},"sceneLighting":false,"audioPlay":false,"sceneViewState":{"showFog":true,"showMaterialUpdate":true,"showSkybox":false,"showFlares":true,"showImageEffects":true,"showParticleSystems":true},"in2DMode":false,"pivot":{"x":-15.109999656677246,"y":0.5099999904632568,"z":-0.4103376865386963},"rotation":{"x":-0.02814570441842079,"y":0.05394821614027023,"z":0.0015202377690002323,"w":0.998149573802948},"size":3.0629239082336427,"orthographic":false}