{"cameraMode":{"drawMode":0,"name":"Shaded","section":"Shading Mode"},"sceneLighting":false,"audioPlay":false,"sceneViewState":{"showFog":true,"showMaterialUpdate":true,"showSkybox":false,"showFlares":true,"showImageEffects":true,"showParticleSystems":true},"in2DMode":false,"pivot":{"x":4.590000152587891,"y":2.065000057220459,"z":3.557164192199707},"rotation":{"x":0.03647603839635849,"y":0.26220110058784487,"z":-0.009919586591422558,"w":0.9642768502235413},"size":1.7147303819656373,"orthographic":false}