{"cameraMode":{"drawMode":0,"name":"Shaded","section":"Shading Mode"},"sceneLighting":false,"audioPlay":false,"sceneViewState":{"showFog":true,"showMaterialUpdate":true,"showSkybox":false,"showFlares":true,"showImageEffects":true,"showParticleSystems":true},"in2DMode":false,"pivot":{"x":-1.5299999713897706,"y":-3.2899999618530275,"z":0.0},"rotation":{"x":-0.02814570441842079,"y":0.05394821614027023,"z":0.0015202377690002323,"w":0.998149573802948},"size":1.7147303819656373,"orthographic":false}