{"cameraMode":{"drawMode":0,"name":"Shaded","section":"Shading Mode"},"sceneLighting":true,"audioPlay":false,"sceneViewState":{"showFog":true,"showMaterialUpdate":true,"showSkybox":true,"showFlares":true,"showImageEffects":true,"showParticleSystems":true},"in2DMode":false,"pivot":{"x":7.078184127807617,"y":-7.745621681213379,"z":7.497932434082031},"rotation":{"x":-0.02814570441842079,"y":0.05394821614027023,"z":0.0015202377690002323,"w":0.998149573802948},"size":35.05044937133789,"orthographic":false}