{"cameraMode":{"drawMode":0,"name":"Shaded","section":"Shading Mode"},"sceneLighting":false,"audioPlay":false,"sceneViewState":{"showFog":true,"showMaterialUpdate":true,"showSkybox":false,"showFlares":true,"showImageEffects":true,"showParticleSystems":true},"in2DMode":false,"pivot":{"x":277.1806945800781,"y":-4.892967700958252,"z":-10.097394943237305},"rotation":{"x":0.21615001559257508,"y":0.5918838381767273,"z":-0.16879810392856599,"w":0.757936418056488},"size":14.948287963867188,"orthographic":false}