{"cameraMode":{"drawMode":0,"name":"Shaded","section":"Shading Mode"},"sceneLighting":false,"audioPlay":false,"sceneViewState":{"showFog":true,"showMaterialUpdate":true,"showSkybox":false,"showFlares":true,"showImageEffects":true,"showParticleSystems":true},"in2DMode":false,"pivot":{"x":-4.460000514984131,"y":-1.190000057220459,"z":0.49733495712280276},"rotation":{"x":-0.02814570441842079,"y":0.05394821614027023,"z":0.0015202377690002323,"w":0.998149573802948},"size":61.1521110534668,"orthographic":false}